stid	a1	a2	a3	a4	a5	a6	a7
Cdif-ST-1	Cdif-recA-1	Cdif-dxr-1	Cdif-tpi-5	Cdif-glyA-10	Cdif-sodA-3	Cdif-atpA-1	Cdif-adk-1
Cdif-ST-2	Cdif-recA-5	Cdif-dxr-2	Cdif-tpi-1	Cdif-glyA-1	Cdif-sodA-3	Cdif-atpA-1	Cdif-adk-1
Cdif-ST-3	Cdif-recA-1	Cdif-dxr-2	Cdif-tpi-1	Cdif-glyA-1	Cdif-sodA-1	Cdif-atpA-1	Cdif-adk-1
Cdif-ST-4	Cdif-recA-1	Cdif-dxr-2	Cdif-tpi-3	Cdif-glyA-1	Cdif-sodA-5	Cdif-atpA-2	Cdif-adk-1
Cdif-ST-5	Cdif-recA-2	Cdif-dxr-4	Cdif-tpi-7	Cdif-glyA-7	Cdif-sodA-8	Cdif-atpA-6	Cdif-adk-1
Cdif-ST-6	Cdif-recA-1	Cdif-dxr-6	Cdif-tpi-1	Cdif-glyA-1	Cdif-sodA-5	Cdif-atpA-1	Cdif-adk-2
Cdif-ST-7	Cdif-recA-1	Cdif-dxr-7	Cdif-tpi-1	Cdif-glyA-1	Cdif-sodA-5	Cdif-atpA-1	Cdif-adk-1
Cdif-ST-8	Cdif-recA-1	Cdif-dxr-2	Cdif-tpi-1	Cdif-glyA-6	Cdif-sodA-5	Cdif-atpA-1	Cdif-adk-1
Cdif-ST-9	Cdif-recA-1	Cdif-dxr-6	Cdif-tpi-1	Cdif-glyA-1	Cdif-sodA-6	Cdif-atpA-1	Cdif-adk-1
Cdif-ST-10	Cdif-recA-1	Cdif-dxr-2	Cdif-tpi-1	Cdif-glyA-1	Cdif-sodA-3	Cdif-atpA-1	Cdif-adk-2
Cdif-ST-11	Cdif-recA-9	Cdif-dxr-5	Cdif-tpi-8	Cdif-glyA-11	Cdif-sodA-11	Cdif-atpA-8	Cdif-adk-5
Cdif-ST-12	Cdif-recA-3	Cdif-dxr-6	Cdif-tpi-1	Cdif-glyA-4	Cdif-sodA-5	Cdif-atpA-1	Cdif-adk-1
Cdif-ST-13	Cdif-recA-5	Cdif-dxr-6	Cdif-tpi-1	Cdif-glyA-1	Cdif-sodA-3	Cdif-atpA-1	Cdif-adk-1
Cdif-ST-14	Cdif-recA-5	Cdif-dxr-2	Cdif-tpi-3	Cdif-glyA-1	Cdif-sodA-5	Cdif-atpA-1	Cdif-adk-1
Cdif-ST-15	Cdif-recA-8	Cdif-dxr-6	Cdif-tpi-1	Cdif-glyA-1	Cdif-sodA-5	Cdif-atpA-1	Cdif-adk-1
Cdif-ST-16	Cdif-recA-1	Cdif-dxr-2	Cdif-tpi-1	Cdif-glyA-6	Cdif-sodA-3	Cdif-atpA-1	Cdif-adk-1
Cdif-ST-17	Cdif-recA-1	Cdif-dxr-2	Cdif-tpi-3	Cdif-glyA-1	Cdif-sodA-5	Cdif-atpA-1	Cdif-adk-1
Cdif-ST-18	Cdif-recA-1	Cdif-dxr-2	Cdif-tpi-1	Cdif-glyA-5	Cdif-sodA-3	Cdif-atpA-1	Cdif-adk-1
Cdif-ST-19	Cdif-recA-1	Cdif-dxr-8	Cdif-tpi-3	Cdif-glyA-2	Cdif-sodA-1	Cdif-atpA-1	Cdif-adk-1
Cdif-ST-20	Cdif-recA-1	Cdif-dxr-8	Cdif-tpi-3	Cdif-glyA-1	Cdif-sodA-4	Cdif-atpA-1	Cdif-adk-1
Cdif-ST-21	Cdif-recA-1	Cdif-dxr-2	Cdif-tpi-3	Cdif-glyA-1	Cdif-sodA-1	Cdif-atpA-2	Cdif-adk-2
Cdif-ST-22	Cdif-recA-2	Cdif-dxr-4	Cdif-tpi-7	Cdif-glyA-7	Cdif-sodA-8	Cdif-atpA-1	Cdif-adk-1
Cdif-ST-23	Cdif-recA-11	Cdif-dxr-14	Cdif-tpi-15	Cdif-glyA-14	Cdif-sodA-16	Cdif-atpA-7	Cdif-adk-3
Cdif-ST-24	Cdif-recA-1	Cdif-dxr-8	Cdif-tpi-3	Cdif-glyA-12	Cdif-sodA-4	Cdif-atpA-1	Cdif-adk-1
Cdif-ST-25	Cdif-recA-2	Cdif-dxr-4	Cdif-tpi-7	Cdif-glyA-7	Cdif-sodA-8	Cdif-atpA-6	Cdif-adk-6
Cdif-ST-26	Cdif-recA-4	Cdif-dxr-6	Cdif-tpi-4	Cdif-glyA-1	Cdif-sodA-3	Cdif-atpA-1	Cdif-adk-1
Cdif-ST-27	Cdif-recA-1	Cdif-dxr-6	Cdif-tpi-4	Cdif-glyA-1	Cdif-sodA-3	Cdif-atpA-1	Cdif-adk-1
Cdif-ST-28	Cdif-recA-1	Cdif-dxr-2	Cdif-tpi-1	Cdif-glyA-1	Cdif-sodA-3	Cdif-atpA-1	Cdif-adk-1
Cdif-ST-29	Cdif-recA-1	Cdif-dxr-2	Cdif-tpi-1	Cdif-glyA-16	Cdif-sodA-3	Cdif-atpA-1	Cdif-adk-1
Cdif-ST-30	Cdif-recA-6	Cdif-dxr-14	Cdif-tpi-15	Cdif-glyA-8	Cdif-sodA-16	Cdif-atpA-7	Cdif-adk-8
Cdif-ST-31	Cdif-recA-1	Cdif-dxr-7	Cdif-tpi-1	Cdif-glyA-6	Cdif-sodA-1	Cdif-atpA-5	Cdif-adk-1
Cdif-ST-32	Cdif-recA-1	Cdif-dxr-11	Cdif-tpi-2	Cdif-glyA-1	Cdif-sodA-3	Cdif-atpA-1	Cdif-adk-1
Cdif-ST-33	Cdif-recA-6	Cdif-dxr-2	Cdif-tpi-3	Cdif-glyA-1	Cdif-sodA-5	Cdif-atpA-1	Cdif-adk-1
Cdif-ST-34	Cdif-recA-1	Cdif-dxr-7	Cdif-tpi-1	Cdif-glyA-1	Cdif-sodA-3	Cdif-atpA-5	Cdif-adk-1
Cdif-ST-35	Cdif-recA-1	Cdif-dxr-8	Cdif-tpi-6	Cdif-glyA-1	Cdif-sodA-3	Cdif-atpA-5	Cdif-adk-2
Cdif-ST-36	Cdif-recA-1	Cdif-dxr-2	Cdif-tpi-1	Cdif-glyA-3	Cdif-sodA-5	Cdif-atpA-1	Cdif-adk-2
Cdif-ST-37	Cdif-recA-6	Cdif-dxr-3	Cdif-tpi-11	Cdif-glyA-8	Cdif-sodA-9	Cdif-atpA-7	Cdif-adk-3
Cdif-ST-38	Cdif-recA-6	Cdif-dxr-10	Cdif-tpi-9	Cdif-glyA-8	Cdif-sodA-2	Cdif-atpA-7	Cdif-adk-3
Cdif-ST-39	Cdif-recA-7	Cdif-dxr-10	Cdif-tpi-10	Cdif-glyA-8	Cdif-sodA-2	Cdif-atpA-7	Cdif-adk-3
Cdif-ST-40	Cdif-recA-3	Cdif-dxr-6	Cdif-tpi-1	Cdif-glyA-1	Cdif-sodA-1	Cdif-atpA-5	Cdif-adk-4
Cdif-ST-41	Cdif-recA-1	Cdif-dxr-9	Cdif-tpi-2	Cdif-glyA-9	Cdif-sodA-3	Cdif-atpA-1	Cdif-adk-1
Cdif-ST-42	Cdif-recA-1	Cdif-dxr-2	Cdif-tpi-1	Cdif-glyA-1	Cdif-sodA-7	Cdif-atpA-1	Cdif-adk-1
Cdif-ST-43	Cdif-recA-1	Cdif-dxr-6	Cdif-tpi-6	Cdif-glyA-1	Cdif-sodA-5	Cdif-atpA-7	Cdif-adk-1
Cdif-ST-44	Cdif-recA-1	Cdif-dxr-2	Cdif-tpi-1	Cdif-glyA-1	Cdif-sodA-3	Cdif-atpA-5	Cdif-adk-2
Cdif-ST-45	Cdif-recA-1	Cdif-dxr-6	Cdif-tpi-1	Cdif-glyA-1	Cdif-sodA-5	Cdif-atpA-1	Cdif-adk-4
Cdif-ST-46	Cdif-recA-1	Cdif-dxr-6	Cdif-tpi-1	Cdif-glyA-1	Cdif-sodA-10	Cdif-atpA-1	Cdif-adk-4
Cdif-ST-47	Cdif-recA-1	Cdif-dxr-11	Cdif-tpi-2	Cdif-glyA-17	Cdif-sodA-3	Cdif-atpA-1	Cdif-adk-1
Cdif-ST-48	Cdif-recA-1	Cdif-dxr-2	Cdif-tpi-1	Cdif-glyA-1	Cdif-sodA-5	Cdif-atpA-1	Cdif-adk-1
Cdif-ST-49	Cdif-recA-5	Cdif-dxr-2	Cdif-tpi-3	Cdif-glyA-1	Cdif-sodA-3	Cdif-atpA-1	Cdif-adk-1
Cdif-ST-50	Cdif-recA-5	Cdif-dxr-6	Cdif-tpi-17	Cdif-glyA-1	Cdif-sodA-3	Cdif-atpA-1	Cdif-adk-1
Cdif-ST-51	Cdif-recA-1	Cdif-dxr-2	Cdif-tpi-6	Cdif-glyA-6	Cdif-sodA-7	Cdif-atpA-1	Cdif-adk-1
Cdif-ST-52	Cdif-recA-1	Cdif-dxr-2	Cdif-tpi-1	Cdif-glyA-6	Cdif-sodA-12	Cdif-atpA-1	Cdif-adk-1
Cdif-ST-53	Cdif-recA-1	Cdif-dxr-2	Cdif-tpi-1	Cdif-glyA-1	Cdif-sodA-5	Cdif-atpA-2	Cdif-adk-1
Cdif-ST-54	Cdif-recA-1	Cdif-dxr-7	Cdif-tpi-3	Cdif-glyA-1	Cdif-sodA-3	Cdif-atpA-4	Cdif-adk-1
Cdif-ST-55	Cdif-recA-1	Cdif-dxr-6	Cdif-tpi-12	Cdif-glyA-6	Cdif-sodA-12	Cdif-atpA-1	Cdif-adk-1
Cdif-ST-56	Cdif-recA-1	Cdif-dxr-6	Cdif-tpi-1	Cdif-glyA-3	Cdif-sodA-5	Cdif-atpA-3	Cdif-adk-1
Cdif-ST-57	Cdif-recA-3	Cdif-dxr-6	Cdif-tpi-13	Cdif-glyA-4	Cdif-sodA-5	Cdif-atpA-1	Cdif-adk-1
Cdif-ST-58	Cdif-recA-1	Cdif-dxr-7	Cdif-tpi-1	Cdif-glyA-1	Cdif-sodA-13	Cdif-atpA-5	Cdif-adk-1
Cdif-ST-59	Cdif-recA-1	Cdif-dxr-6	Cdif-tpi-1	Cdif-glyA-15	Cdif-sodA-17	Cdif-atpA-3	Cdif-adk-1
Cdif-ST-60	Cdif-recA-1	Cdif-dxr-15	Cdif-tpi-1	Cdif-glyA-15	Cdif-sodA-3	Cdif-atpA-3	Cdif-adk-1
Cdif-ST-61	Cdif-recA-1	Cdif-dxr-11	Cdif-tpi-2	Cdif-glyA-1	Cdif-sodA-3	Cdif-atpA-5	Cdif-adk-1
Cdif-ST-62	Cdif-recA-1	Cdif-dxr-1	Cdif-tpi-1	Cdif-glyA-9	Cdif-sodA-3	Cdif-atpA-1	Cdif-adk-1
Cdif-ST-63	Cdif-recA-1	Cdif-dxr-7	Cdif-tpi-3	Cdif-glyA-5	Cdif-sodA-3	Cdif-atpA-1	Cdif-adk-1
Cdif-ST-64	Cdif-recA-1	Cdif-dxr-6	Cdif-tpi-1	Cdif-glyA-1	Cdif-sodA-13	Cdif-atpA-1	Cdif-adk-1
Cdif-ST-65	Cdif-recA-1	Cdif-dxr-7	Cdif-tpi-6	Cdif-glyA-3	Cdif-sodA-5	Cdif-atpA-1	Cdif-adk-1
Cdif-ST-66	Cdif-recA-1	Cdif-dxr-2	Cdif-tpi-3	Cdif-glyA-6	Cdif-sodA-5	Cdif-atpA-1	Cdif-adk-1
Cdif-ST-67	Cdif-recA-1	Cdif-dxr-9	Cdif-tpi-5	Cdif-glyA-9	Cdif-sodA-3	Cdif-atpA-1	Cdif-adk-1
Cdif-ST-68	Cdif-recA-5	Cdif-dxr-2	Cdif-tpi-1	Cdif-glyA-1	Cdif-sodA-3	Cdif-atpA-4	Cdif-adk-1
Cdif-ST-69	Cdif-recA-1	Cdif-dxr-7	Cdif-tpi-1	Cdif-glyA-1	Cdif-sodA-1	Cdif-atpA-1	Cdif-adk-1
Cdif-ST-70	Cdif-recA-1	Cdif-dxr-6	Cdif-tpi-1	Cdif-glyA-3	Cdif-sodA-14	Cdif-atpA-3	Cdif-adk-1
Cdif-ST-71	Cdif-recA-1	Cdif-dxr-6	Cdif-tpi-1	Cdif-glyA-1	Cdif-sodA-15	Cdif-atpA-1	Cdif-adk-4
Cdif-ST-72	Cdif-recA-1	Cdif-dxr-6	Cdif-tpi-1	Cdif-glyA-13	Cdif-sodA-5	Cdif-atpA-1	Cdif-adk-2
Cdif-ST-73	Cdif-recA-1	Cdif-dxr-12	Cdif-tpi-1	Cdif-glyA-1	Cdif-sodA-5	Cdif-atpA-2	Cdif-adk-1
Cdif-ST-74	Cdif-recA-3	Cdif-dxr-13	Cdif-tpi-14	Cdif-glyA-1	Cdif-sodA-1	Cdif-atpA-1	Cdif-adk-1
Cdif-ST-75	Cdif-recA-10	Cdif-dxr-13	Cdif-tpi-1	Cdif-glyA-1	Cdif-sodA-1	Cdif-atpA-3	Cdif-adk-7
Cdif-ST-76	Cdif-recA-1	Cdif-dxr-6	Cdif-tpi-1	Cdif-glyA-1	Cdif-sodA-1	Cdif-atpA-1	Cdif-adk-1
Cdif-ST-77	Cdif-recA-3	Cdif-dxr-6	Cdif-tpi-1	Cdif-glyA-1	Cdif-sodA-5	Cdif-atpA-1	Cdif-adk-2
Cdif-ST-78	Cdif-recA-1	Cdif-dxr-6	Cdif-tpi-1	Cdif-glyA-1	Cdif-sodA-1	Cdif-atpA-1	Cdif-adk-4
Cdif-ST-79	Cdif-recA-1	Cdif-dxr-2	Cdif-tpi-16	Cdif-glyA-1	Cdif-sodA-1	Cdif-atpA-3	Cdif-adk-1
Cdif-ST-80	Cdif-recA-3	Cdif-dxr-13	Cdif-tpi-3	Cdif-glyA-1	Cdif-sodA-1	Cdif-atpA-1	Cdif-adk-1
Cdif-ST-81	Cdif-recA-6	Cdif-dxr-3	Cdif-tpi-11	Cdif-glyA-8	Cdif-sodA-9	Cdif-atpA-1	Cdif-adk-3
Cdif-ST-82	Cdif-recA-1	Cdif-dxr-6	Cdif-tpi-3	Cdif-glyA-1	Cdif-sodA-1	Cdif-atpA-1	Cdif-adk-1
Cdif-ST-83	Cdif-recA-1	Cdif-dxr-6	Cdif-tpi-1	Cdif-glyA-1	Cdif-sodA-3	Cdif-atpA-1	Cdif-adk-1
Cdif-ST-84	Cdif-recA-1	Cdif-dxr-2	Cdif-tpi-1	Cdif-glyA-1	Cdif-sodA-1	Cdif-atpA-9	Cdif-adk-1
Cdif-ST-85	Cdif-recA-1	Cdif-dxr-7	Cdif-tpi-3	Cdif-glyA-1	Cdif-sodA-3	Cdif-atpA-10	Cdif-adk-1
Cdif-ST-86	Cdif-recA-6	Cdif-dxr-3	Cdif-tpi-11	Cdif-glyA-8	Cdif-sodA-19	Cdif-atpA-7	Cdif-adk-3
Cdif-ST-87	Cdif-recA-6	Cdif-dxr-3	Cdif-tpi-10	Cdif-glyA-8	Cdif-sodA-20	Cdif-atpA-7	Cdif-adk-3
Cdif-ST-88	Cdif-recA-6	Cdif-dxr-3	Cdif-tpi-10	Cdif-glyA-8	Cdif-sodA-18	Cdif-atpA-7	Cdif-adk-9
Cdif-ST-89	Cdif-recA-1	Cdif-dxr-6	Cdif-tpi-1	Cdif-glyA-1	Cdif-sodA-21	Cdif-atpA-1	Cdif-adk-2
Cdif-ST-90	Cdif-recA-1	Cdif-dxr-16	Cdif-tpi-1	Cdif-glyA-1	Cdif-sodA-5	Cdif-atpA-1	Cdif-adk-2
Cdif-ST-91	Cdif-recA-1	Cdif-dxr-6	Cdif-tpi-1	Cdif-glyA-6	Cdif-sodA-6	Cdif-atpA-1	Cdif-adk-1
Cdif-ST-92	Cdif-recA-1	Cdif-dxr-2	Cdif-tpi-1	Cdif-glyA-3	Cdif-sodA-5	Cdif-atpA-1	Cdif-adk-1
Cdif-ST-93	Cdif-recA-11	Cdif-dxr-3	Cdif-tpi-10	Cdif-glyA-8	Cdif-sodA-20	Cdif-atpA-7	Cdif-adk-3
Cdif-ST-94	Cdif-recA-1	Cdif-dxr-6	Cdif-tpi-1	Cdif-glyA-1	Cdif-sodA-10	Cdif-atpA-1	Cdif-adk-2
Cdif-ST-95	Cdif-recA-1	Cdif-dxr-11	Cdif-tpi-1	Cdif-glyA-17	Cdif-sodA-3	Cdif-atpA-5	Cdif-adk-1
Cdif-ST-96	Cdif-recA-12	Cdif-dxr-4	Cdif-tpi-7	Cdif-glyA-7	Cdif-sodA-8	Cdif-atpA-6	Cdif-adk-1
Cdif-ST-97	Cdif-recA-1	Cdif-dxr-11	Cdif-tpi-1	Cdif-glyA-1	Cdif-sodA-22	Cdif-atpA-1	Cdif-adk-1
Cdif-ST-98	Cdif-recA-1	Cdif-dxr-2	Cdif-tpi-3	Cdif-glyA-6	Cdif-sodA-1	Cdif-atpA-1	Cdif-adk-1
Cdif-ST-99	Cdif-recA-1	Cdif-dxr-6	Cdif-tpi-12	Cdif-glyA-6	Cdif-sodA-12	Cdif-atpA-11	Cdif-adk-1
Cdif-ST-100	Cdif-recA-2	Cdif-dxr-6	Cdif-tpi-1	Cdif-glyA-19	Cdif-sodA-24	Cdif-atpA-1	Cdif-adk-1
Cdif-ST-101	Cdif-recA-1	Cdif-dxr-2	Cdif-tpi-1	Cdif-glyA-1	Cdif-sodA-23	Cdif-atpA-2	Cdif-adk-1
Cdif-ST-102	Cdif-recA-5	Cdif-dxr-2	Cdif-tpi-1	Cdif-glyA-1	Cdif-sodA-5	Cdif-atpA-1	Cdif-adk-1
Cdif-ST-103	Cdif-recA-8	Cdif-dxr-2	Cdif-tpi-3	Cdif-glyA-15	Cdif-sodA-5	Cdif-atpA-1	Cdif-adk-1
Cdif-ST-104	Cdif-recA-1	Cdif-dxr-13	Cdif-tpi-6	Cdif-glyA-1	Cdif-sodA-1	Cdif-atpA-1	Cdif-adk-1
Cdif-ST-105	Cdif-recA-1	Cdif-dxr-4	Cdif-tpi-3	Cdif-glyA-1	Cdif-sodA-1	Cdif-atpA-2	Cdif-adk-2
Cdif-ST-106	Cdif-recA-1	Cdif-dxr-2	Cdif-tpi-1	Cdif-glyA-10	Cdif-sodA-5	Cdif-atpA-1	Cdif-adk-2
Cdif-ST-107	Cdif-recA-3	Cdif-dxr-6	Cdif-tpi-1	Cdif-glyA-1	Cdif-sodA-1	Cdif-atpA-1	Cdif-adk-4
Cdif-ST-108	Cdif-recA-8	Cdif-dxr-6	Cdif-tpi-5	Cdif-glyA-1	Cdif-sodA-5	Cdif-atpA-1	Cdif-adk-1
Cdif-ST-109	Cdif-recA-6	Cdif-dxr-10	Cdif-tpi-15	Cdif-glyA-18	Cdif-sodA-18	Cdif-atpA-12	Cdif-adk-3
Cdif-ST-110	Cdif-recA-13	Cdif-dxr-2	Cdif-tpi-1	Cdif-glyA-1	Cdif-sodA-3	Cdif-atpA-1	Cdif-adk-1
Cdif-ST-111	Cdif-recA-1	Cdif-dxr-2	Cdif-tpi-3	Cdif-glyA-1	Cdif-sodA-3	Cdif-atpA-1	Cdif-adk-1
Cdif-ST-112	Cdif-recA-1	Cdif-dxr-7	Cdif-tpi-3	Cdif-glyA-3	Cdif-sodA-5	Cdif-atpA-1	Cdif-adk-1
Cdif-ST-113	Cdif-recA-1	Cdif-dxr-17	Cdif-tpi-1	Cdif-glyA-1	Cdif-sodA-5	Cdif-atpA-1	Cdif-adk-2
Cdif-ST-114	Cdif-recA-1	Cdif-dxr-9	Cdif-tpi-18	Cdif-glyA-9	Cdif-sodA-1	Cdif-atpA-1	Cdif-adk-1
Cdif-ST-115	Cdif-recA-1	Cdif-dxr-2	Cdif-tpi-3	Cdif-glyA-6	Cdif-sodA-7	Cdif-atpA-1	Cdif-adk-1
Cdif-ST-116	Cdif-recA-1	Cdif-dxr-9	Cdif-tpi-5	Cdif-glyA-9	Cdif-sodA-22	Cdif-atpA-1	Cdif-adk-1
Cdif-ST-117	Cdif-recA-2	Cdif-dxr-7	Cdif-tpi-1	Cdif-glyA-1	Cdif-sodA-5	Cdif-atpA-1	Cdif-adk-1
Cdif-ST-118	Cdif-recA-1	Cdif-dxr-2	Cdif-tpi-19	Cdif-glyA-1	Cdif-sodA-1	Cdif-atpA-13	Cdif-adk-1
Cdif-ST-119	Cdif-recA-1	Cdif-dxr-2	Cdif-tpi-1	Cdif-glyA-20	Cdif-sodA-5	Cdif-atpA-1	Cdif-adk-1
Cdif-ST-120	Cdif-recA-5	Cdif-dxr-1	Cdif-tpi-1	Cdif-glyA-1	Cdif-sodA-3	Cdif-atpA-1	Cdif-adk-1
Cdif-ST-121	Cdif-recA-7	Cdif-dxr-3	Cdif-tpi-10	Cdif-glyA-8	Cdif-sodA-2	Cdif-atpA-7	Cdif-adk-3
Cdif-ST-122	Cdif-recA-1	Cdif-dxr-4	Cdif-tpi-10	Cdif-glyA-1	Cdif-sodA-1	Cdif-atpA-1	Cdif-adk-1
Cdif-ST-123	Cdif-recA-1	Cdif-dxr-9	Cdif-tpi-2	Cdif-glyA-1	Cdif-sodA-3	Cdif-atpA-14	Cdif-adk-1
Cdif-ST-124	Cdif-recA-6	Cdif-dxr-14	Cdif-tpi-9	Cdif-glyA-14	Cdif-sodA-20	Cdif-atpA-7	Cdif-adk-11
Cdif-ST-125	Cdif-recA-4	Cdif-dxr-6	Cdif-tpi-1	Cdif-glyA-1	Cdif-sodA-26	Cdif-atpA-1	Cdif-adk-4
Cdif-ST-126	Cdif-recA-1	Cdif-dxr-6	Cdif-tpi-3	Cdif-glyA-1	Cdif-sodA-3	Cdif-atpA-3	Cdif-adk-1
Cdif-ST-127	Cdif-recA-6	Cdif-dxr-10	Cdif-tpi-15	Cdif-glyA-8	Cdif-sodA-20	Cdif-atpA-7	Cdif-adk-11
Cdif-ST-128	Cdif-recA-1	Cdif-dxr-9	Cdif-tpi-2	Cdif-glyA-21	Cdif-sodA-27	Cdif-atpA-1	Cdif-adk-1
Cdif-ST-129	Cdif-recA-1	Cdif-dxr-6	Cdif-tpi-3	Cdif-glyA-1	Cdif-sodA-1	Cdif-atpA-3	Cdif-adk-1
Cdif-ST-130	Cdif-recA-1	Cdif-dxr-18	Cdif-tpi-2	Cdif-glyA-9	Cdif-sodA-22	Cdif-atpA-1	Cdif-adk-1
Cdif-ST-131	Cdif-recA-1	Cdif-dxr-6	Cdif-tpi-1	Cdif-glyA-8	Cdif-sodA-5	Cdif-atpA-1	Cdif-adk-2
Cdif-ST-132	Cdif-recA-5	Cdif-dxr-6	Cdif-tpi-1	Cdif-glyA-1	Cdif-sodA-3	Cdif-atpA-1	Cdif-adk-5
Cdif-ST-133	Cdif-recA-1	Cdif-dxr-7	Cdif-tpi-3	Cdif-glyA-1	Cdif-sodA-3	Cdif-atpA-1	Cdif-adk-1
Cdif-ST-134	Cdif-recA-1	Cdif-dxr-2	Cdif-tpi-3	Cdif-glyA-15	Cdif-sodA-3	Cdif-atpA-3	Cdif-adk-1
Cdif-ST-135	Cdif-recA-1	Cdif-dxr-2	Cdif-tpi-1	Cdif-glyA-8	Cdif-sodA-7	Cdif-atpA-1	Cdif-adk-1
Cdif-ST-136	Cdif-recA-1	Cdif-dxr-6	Cdif-tpi-13	Cdif-glyA-16	Cdif-sodA-5	Cdif-atpA-1	Cdif-adk-2
Cdif-ST-137	Cdif-recA-1	Cdif-dxr-2	Cdif-tpi-1	Cdif-glyA-3	Cdif-sodA-3	Cdif-atpA-1	Cdif-adk-1
Cdif-ST-138	Cdif-recA-1	Cdif-dxr-2	Cdif-tpi-1	Cdif-glyA-16	Cdif-sodA-5	Cdif-atpA-1	Cdif-adk-2
Cdif-ST-139	Cdif-recA-1	Cdif-dxr-2	Cdif-tpi-3	Cdif-glyA-1	Cdif-sodA-1	Cdif-atpA-1	Cdif-adk-2
Cdif-ST-140	Cdif-recA-1	Cdif-dxr-9	Cdif-tpi-2	Cdif-glyA-9	Cdif-sodA-1	Cdif-atpA-1	Cdif-adk-1
Cdif-ST-141	Cdif-recA-3	Cdif-dxr-7	Cdif-tpi-6	Cdif-glyA-1	Cdif-sodA-1	Cdif-atpA-3	Cdif-adk-1
Cdif-ST-142	Cdif-recA-6	Cdif-dxr-14	Cdif-tpi-15	Cdif-glyA-8	Cdif-sodA-25	Cdif-atpA-7	Cdif-adk-8
Cdif-ST-143	Cdif-recA-1	Cdif-dxr-6	Cdif-tpi-1	Cdif-glyA-16	Cdif-sodA-1	Cdif-atpA-11	Cdif-adk-1
Cdif-ST-144	Cdif-recA-1	Cdif-dxr-2	Cdif-tpi-3	Cdif-glyA-2	Cdif-sodA-5	Cdif-atpA-1	Cdif-adk-1
Cdif-ST-145	Cdif-recA-1	Cdif-dxr-6	Cdif-tpi-12	Cdif-glyA-1	Cdif-sodA-10	Cdif-atpA-1	Cdif-adk-4
Cdif-ST-146	Cdif-recA-1	Cdif-dxr-2	Cdif-tpi-4	Cdif-glyA-6	Cdif-sodA-5	Cdif-atpA-1	Cdif-adk-1
Cdif-ST-147	Cdif-recA-9	Cdif-dxr-5	Cdif-tpi-8	Cdif-glyA-11	Cdif-sodA-11	Cdif-atpA-8	Cdif-adk-10
Cdif-ST-148	Cdif-recA-9	Cdif-dxr-5	Cdif-tpi-20	Cdif-glyA-11	Cdif-sodA-11	Cdif-atpA-8	Cdif-adk-5
Cdif-ST-149	Cdif-recA-1	Cdif-dxr-2	Cdif-tpi-1	Cdif-glyA-6	Cdif-sodA-7	Cdif-atpA-1	Cdif-adk-1
Cdif-ST-150	Cdif-recA-3	Cdif-dxr-6	Cdif-tpi-1	Cdif-glyA-1	Cdif-sodA-5	Cdif-atpA-1	Cdif-adk-1
Cdif-ST-151	Cdif-recA-1	Cdif-dxr-6	Cdif-tpi-3	Cdif-glyA-1	Cdif-sodA-3	Cdif-atpA-1	Cdif-adk-1
Cdif-ST-152	Cdif-recA-1	Cdif-dxr-13	Cdif-tpi-3	Cdif-glyA-1	Cdif-sodA-1	Cdif-atpA-1	Cdif-adk-1
Cdif-ST-153	Cdif-recA-3	Cdif-dxr-13	Cdif-tpi-1	Cdif-glyA-5	Cdif-sodA-1	Cdif-atpA-1	Cdif-adk-1
Cdif-ST-154	Cdif-recA-1	Cdif-dxr-9	Cdif-tpi-2	Cdif-glyA-1	Cdif-sodA-3	Cdif-atpA-1	Cdif-adk-1
Cdif-ST-155	Cdif-recA-5	Cdif-dxr-16	Cdif-tpi-1	Cdif-glyA-1	Cdif-sodA-5	Cdif-atpA-1	Cdif-adk-12
Cdif-ST-156	Cdif-recA-14	Cdif-dxr-9	Cdif-tpi-2	Cdif-glyA-22	Cdif-sodA-3	Cdif-atpA-1	Cdif-adk-1
Cdif-ST-157	Cdif-recA-1	Cdif-dxr-9	Cdif-tpi-2	Cdif-glyA-23	Cdif-sodA-3	Cdif-atpA-1	Cdif-adk-1
Cdif-ST-158	Cdif-recA-7	Cdif-dxr-10	Cdif-tpi-15	Cdif-glyA-8	Cdif-sodA-2	Cdif-atpA-7	Cdif-adk-3
Cdif-ST-159	Cdif-recA-6	Cdif-dxr-10	Cdif-tpi-10	Cdif-glyA-8	Cdif-sodA-2	Cdif-atpA-7	Cdif-adk-3
Cdif-ST-160	Cdif-recA-1	Cdif-dxr-2	Cdif-tpi-1	Cdif-glyA-6	Cdif-sodA-3	Cdif-atpA-5	Cdif-adk-2
Cdif-ST-161	Cdif-recA-9	Cdif-dxr-5	Cdif-tpi-21	Cdif-glyA-11	Cdif-sodA-11	Cdif-atpA-8	Cdif-adk-5
Cdif-ST-162	Cdif-recA-2	Cdif-dxr-4	Cdif-tpi-7	Cdif-glyA-7	Cdif-sodA-30	Cdif-atpA-6	Cdif-adk-1
Cdif-ST-163	Cdif-recA-15	Cdif-dxr-5	Cdif-tpi-23	Cdif-glyA-24	Cdif-sodA-28	Cdif-atpA-8	Cdif-adk-5
Cdif-ST-164	Cdif-recA-15	Cdif-dxr-5	Cdif-tpi-20	Cdif-glyA-27	Cdif-sodA-29	Cdif-atpA-15	Cdif-adk-5
Cdif-ST-165	Cdif-recA-1	Cdif-dxr-2	Cdif-tpi-1	Cdif-glyA-1	Cdif-sodA-5	Cdif-atpA-16	Cdif-adk-1
Cdif-ST-166	Cdif-recA-15	Cdif-dxr-5	Cdif-tpi-8	Cdif-glyA-25	Cdif-sodA-29	Cdif-atpA-15	Cdif-adk-5
Cdif-ST-167	Cdif-recA-15	Cdif-dxr-5	Cdif-tpi-22	Cdif-glyA-27	Cdif-sodA-29	Cdif-atpA-8	Cdif-adk-5
Cdif-ST-168	Cdif-recA-15	Cdif-dxr-19	Cdif-tpi-22	Cdif-glyA-11	Cdif-sodA-29	Cdif-atpA-8	Cdif-adk-10
Cdif-ST-169	Cdif-recA-15	Cdif-dxr-5	Cdif-tpi-8	Cdif-glyA-26	Cdif-sodA-29	Cdif-atpA-8	Cdif-adk-5
Cdif-ST-170	Cdif-recA-6	Cdif-dxr-3	Cdif-tpi-15	Cdif-glyA-8	Cdif-sodA-2	Cdif-atpA-7	Cdif-adk-9
Cdif-ST-171	Cdif-recA-3	Cdif-dxr-13	Cdif-tpi-1	Cdif-glyA-1	Cdif-sodA-12	Cdif-atpA-7	Cdif-adk-1
Cdif-ST-172	Cdif-recA-1	Cdif-dxr-20	Cdif-tpi-3	Cdif-glyA-3	Cdif-sodA-5	Cdif-atpA-1	Cdif-adk-1
Cdif-ST-173	Cdif-recA-15	Cdif-dxr-5	Cdif-tpi-24	Cdif-glyA-11	Cdif-sodA-29	Cdif-atpA-8	Cdif-adk-5
Cdif-ST-174	Cdif-recA-15	Cdif-dxr-5	Cdif-tpi-23	Cdif-glyA-28	Cdif-sodA-29	Cdif-atpA-8	Cdif-adk-5
Cdif-ST-175	Cdif-recA-1	Cdif-dxr-21	Cdif-tpi-2	Cdif-glyA-1	Cdif-sodA-3	Cdif-atpA-1	Cdif-adk-1
Cdif-ST-176	Cdif-recA-1	Cdif-dxr-9	Cdif-tpi-25	Cdif-glyA-9	Cdif-sodA-1	Cdif-atpA-1	Cdif-adk-1
Cdif-ST-177	Cdif-recA-18	Cdif-dxr-22	Cdif-tpi-28	Cdif-glyA-33	Cdif-sodA-31	Cdif-atpA-18	Cdif-adk-13
Cdif-ST-178	Cdif-recA-16	Cdif-dxr-22	Cdif-tpi-26	Cdif-glyA-29	Cdif-sodA-31	Cdif-atpA-17	Cdif-adk-13
Cdif-ST-179	Cdif-recA-17	Cdif-dxr-23	Cdif-tpi-27	Cdif-glyA-30	Cdif-sodA-31	Cdif-atpA-17	Cdif-adk-13
Cdif-ST-180	Cdif-recA-19	Cdif-dxr-22	Cdif-tpi-28	Cdif-glyA-32	Cdif-sodA-32	Cdif-atpA-19	Cdif-adk-13
Cdif-ST-181	Cdif-recA-18	Cdif-dxr-22	Cdif-tpi-26	Cdif-glyA-31	Cdif-sodA-31	Cdif-atpA-18	Cdif-adk-13
Cdif-ST-182	Cdif-recA-5	Cdif-dxr-16	Cdif-tpi-1	Cdif-glyA-1	Cdif-sodA-12	Cdif-atpA-1	Cdif-adk-2
Cdif-ST-183	Cdif-recA-1	Cdif-dxr-24	Cdif-tpi-1	Cdif-glyA-6	Cdif-sodA-5	Cdif-atpA-1	Cdif-adk-1
Cdif-ST-184	Cdif-recA-1	Cdif-dxr-25	Cdif-tpi-1	Cdif-glyA-34	Cdif-sodA-1	Cdif-atpA-1	Cdif-adk-1
Cdif-ST-185	Cdif-recA-5	Cdif-dxr-16	Cdif-tpi-1	Cdif-glyA-1	Cdif-sodA-5	Cdif-atpA-1	Cdif-adk-2
Cdif-ST-186	Cdif-recA-15	Cdif-dxr-5	Cdif-tpi-8	Cdif-glyA-11	Cdif-sodA-11	Cdif-atpA-8	Cdif-adk-5
Cdif-ST-187	Cdif-recA-9	Cdif-dxr-5	Cdif-tpi-8	Cdif-glyA-13	Cdif-sodA-11	Cdif-atpA-8	Cdif-adk-5
Cdif-ST-188	Cdif-recA-14	Cdif-dxr-9	Cdif-tpi-2	Cdif-glyA-9	Cdif-sodA-5	Cdif-atpA-1	Cdif-adk-1
Cdif-ST-189	Cdif-recA-1	Cdif-dxr-6	Cdif-tpi-1	Cdif-glyA-1	Cdif-sodA-10	Cdif-atpA-1	Cdif-adk-1
Cdif-ST-190	Cdif-recA-4	Cdif-dxr-26	Cdif-tpi-1	Cdif-glyA-1	Cdif-sodA-3	Cdif-atpA-1	Cdif-adk-14
Cdif-ST-191	Cdif-recA-1	Cdif-dxr-6	Cdif-tpi-1	Cdif-glyA-35	Cdif-sodA-33	Cdif-atpA-5	Cdif-adk-1
Cdif-ST-192	Cdif-recA-1	Cdif-dxr-11	Cdif-tpi-1	Cdif-glyA-1	Cdif-sodA-3	Cdif-atpA-5	Cdif-adk-1
Cdif-ST-193	Cdif-recA-9	Cdif-dxr-5	Cdif-tpi-3	Cdif-glyA-1	Cdif-sodA-34	Cdif-atpA-8	Cdif-adk-5
Cdif-ST-194	Cdif-recA-1	Cdif-dxr-11	Cdif-tpi-1	Cdif-glyA-23	Cdif-sodA-1	Cdif-atpA-1	Cdif-adk-1
Cdif-ST-195	Cdif-recA-9	Cdif-dxr-27	Cdif-tpi-8	Cdif-glyA-36	Cdif-sodA-11	Cdif-atpA-20	Cdif-adk-5
Cdif-ST-196	Cdif-recA-14	Cdif-dxr-9	Cdif-tpi-2	Cdif-glyA-37	Cdif-sodA-3	Cdif-atpA-1	Cdif-adk-1
Cdif-ST-197	Cdif-recA-1	Cdif-dxr-1	Cdif-tpi-5	Cdif-glyA-10	Cdif-sodA-5	Cdif-atpA-1	Cdif-adk-1
Cdif-ST-198	Cdif-recA-20	Cdif-dxr-2	Cdif-tpi-10	Cdif-glyA-7	Cdif-sodA-20	Cdif-atpA-7	Cdif-adk-11
Cdif-ST-199	Cdif-recA-1	Cdif-dxr-2	Cdif-tpi-6	Cdif-glyA-1	Cdif-sodA-35	Cdif-atpA-1	Cdif-adk-1
Cdif-ST-200	Cdif-recA-21	Cdif-dxr-28	Cdif-tpi-30	Cdif-glyA-38	Cdif-sodA-36	Cdif-atpA-21	Cdif-adk-15
Cdif-ST-201	Cdif-recA-2	Cdif-dxr-4	Cdif-tpi-31	Cdif-glyA-7	Cdif-sodA-8	Cdif-atpA-6	Cdif-adk-1
Cdif-ST-202	Cdif-recA-18	Cdif-dxr-22	Cdif-tpi-32	Cdif-glyA-31	Cdif-sodA-31	Cdif-atpA-18	Cdif-adk-13
Cdif-ST-203	Cdif-recA-22	Cdif-dxr-2	Cdif-tpi-1	Cdif-glyA-1	Cdif-sodA-1	Cdif-atpA-22	Cdif-adk-1
Cdif-ST-204	Cdif-recA-23	Cdif-dxr-29	Cdif-tpi-33	Cdif-glyA-39	Cdif-sodA-37	Cdif-atpA-23	Cdif-adk-16
Cdif-ST-205	Cdif-recA-5	Cdif-dxr-13	Cdif-tpi-1	Cdif-glyA-1	Cdif-sodA-23	Cdif-atpA-3	Cdif-adk-1
Cdif-ST-206	Cdif-recA-18	Cdif-dxr-22	Cdif-tpi-32	Cdif-glyA-40	Cdif-sodA-38	Cdif-atpA-18	Cdif-adk-13
Cdif-ST-207	Cdif-recA-9	Cdif-dxr-5	Cdif-tpi-8	Cdif-glyA-41	Cdif-sodA-11	Cdif-atpA-8	Cdif-adk-5
Cdif-ST-208	Cdif-recA-1	Cdif-dxr-8	Cdif-tpi-6	Cdif-glyA-1	Cdif-sodA-3	Cdif-atpA-7	Cdif-adk-2
Cdif-ST-209	Cdif-recA-2	Cdif-dxr-4	Cdif-tpi-11	Cdif-glyA-7	Cdif-sodA-8	Cdif-atpA-6	Cdif-adk-1
Cdif-ST-210	Cdif-recA-1	Cdif-dxr-2	Cdif-tpi-11	Cdif-glyA-1	Cdif-sodA-1	Cdif-atpA-1	Cdif-adk-1
Cdif-ST-211	Cdif-recA-1	Cdif-dxr-8	Cdif-tpi-11	Cdif-glyA-1	Cdif-sodA-3	Cdif-atpA-5	Cdif-adk-2
Cdif-ST-212	Cdif-recA-1	Cdif-dxr-7	Cdif-tpi-6	Cdif-glyA-1	Cdif-sodA-3	Cdif-atpA-4	Cdif-adk-1
Cdif-ST-213	Cdif-recA-1	Cdif-dxr-6	Cdif-tpi-6	Cdif-glyA-6	Cdif-sodA-12	Cdif-atpA-11	Cdif-adk-1
Cdif-ST-214	Cdif-recA-5	Cdif-dxr-2	Cdif-tpi-12	Cdif-glyA-1	Cdif-sodA-3	Cdif-atpA-1	Cdif-adk-1
Cdif-ST-215	Cdif-recA-6	Cdif-dxr-3	Cdif-tpi-29	Cdif-glyA-8	Cdif-sodA-9	Cdif-atpA-7	Cdif-adk-3
Cdif-ST-216	Cdif-recA-6	Cdif-dxr-3	Cdif-tpi-6	Cdif-glyA-8	Cdif-sodA-9	Cdif-atpA-7	Cdif-adk-3
Cdif-ST-217	Cdif-recA-6	Cdif-dxr-3	Cdif-tpi-1	Cdif-glyA-8	Cdif-sodA-9	Cdif-atpA-7	Cdif-adk-3
Cdif-ST-218	Cdif-recA-1	Cdif-dxr-8	Cdif-tpi-1	Cdif-glyA-1	Cdif-sodA-3	Cdif-atpA-5	Cdif-adk-2
Cdif-ST-219	Cdif-recA-6	Cdif-dxr-3	Cdif-tpi-11	Cdif-glyA-1	Cdif-sodA-9	Cdif-atpA-7	Cdif-adk-3
Cdif-ST-220	Cdif-recA-1	Cdif-dxr-7	Cdif-tpi-3	Cdif-glyA-8	Cdif-sodA-3	Cdif-atpA-4	Cdif-adk-1
Cdif-ST-221	Cdif-recA-2	Cdif-dxr-4	Cdif-tpi-29	Cdif-glyA-7	Cdif-sodA-8	Cdif-atpA-6	Cdif-adk-1
Cdif-ST-222	Cdif-recA-1	Cdif-dxr-1	Cdif-tpi-2	Cdif-glyA-1	Cdif-sodA-3	Cdif-atpA-1	Cdif-adk-1
Cdif-ST-223	Cdif-recA-1	Cdif-dxr-11	Cdif-tpi-5	Cdif-glyA-17	Cdif-sodA-3	Cdif-atpA-1	Cdif-adk-1
Cdif-ST-224	Cdif-recA-1	Cdif-dxr-9	Cdif-tpi-2	Cdif-glyA-10	Cdif-sodA-3	Cdif-atpA-1	Cdif-adk-1
Cdif-ST-225	Cdif-recA-1	Cdif-dxr-6	Cdif-tpi-5	Cdif-glyA-5	Cdif-sodA-33	Cdif-atpA-1	Cdif-adk-1
Cdif-ST-226	Cdif-recA-14	Cdif-dxr-9	Cdif-tpi-2	Cdif-glyA-23	Cdif-sodA-1	Cdif-atpA-1	Cdif-adk-1
Cdif-ST-227	Cdif-recA-1	Cdif-dxr-1	Cdif-tpi-1	Cdif-glyA-1	Cdif-sodA-3	Cdif-atpA-1	Cdif-adk-1
Cdif-ST-228	Cdif-recA-1	Cdif-dxr-11	Cdif-tpi-1	Cdif-glyA-5	Cdif-sodA-33	Cdif-atpA-1	Cdif-adk-1
Cdif-ST-229	Cdif-recA-1	Cdif-dxr-9	Cdif-tpi-2	Cdif-glyA-5	Cdif-sodA-33	Cdif-atpA-1	Cdif-adk-1
Cdif-ST-230	Cdif-recA-14	Cdif-dxr-9	Cdif-tpi-1	Cdif-glyA-9	Cdif-sodA-3	Cdif-atpA-1	Cdif-adk-1
Cdif-ST-231	Cdif-recA-14	Cdif-dxr-9	Cdif-tpi-2	Cdif-glyA-9	Cdif-sodA-3	Cdif-atpA-1	Cdif-adk-1
Cdif-ST-232	Cdif-recA-1	Cdif-dxr-9	Cdif-tpi-5	Cdif-glyA-9	Cdif-sodA-3	Cdif-atpA-5	Cdif-adk-1
Cdif-ST-233	Cdif-recA-1	Cdif-dxr-2	Cdif-tpi-1	Cdif-glyA-16	Cdif-sodA-12	Cdif-atpA-1	Cdif-adk-1
Cdif-ST-234	Cdif-recA-1	Cdif-dxr-6	Cdif-tpi-1	Cdif-glyA-1	Cdif-sodA-5	Cdif-atpA-3	Cdif-adk-1
Cdif-ST-235	Cdif-recA-1	Cdif-dxr-6	Cdif-tpi-6	Cdif-glyA-1	Cdif-sodA-5	Cdif-atpA-3	Cdif-adk-1
Cdif-ST-236	Cdif-recA-1	Cdif-dxr-6	Cdif-tpi-6	Cdif-glyA-16	Cdif-sodA-17	Cdif-atpA-1	Cdif-adk-1
Cdif-ST-237	Cdif-recA-1	Cdif-dxr-2	Cdif-tpi-1	Cdif-glyA-1	Cdif-sodA-12	Cdif-atpA-1	Cdif-adk-1
Cdif-ST-238	Cdif-recA-6	Cdif-dxr-10	Cdif-tpi-15	Cdif-glyA-8	Cdif-sodA-18	Cdif-atpA-12	Cdif-adk-3
Cdif-ST-239	Cdif-recA-1	Cdif-dxr-6	Cdif-tpi-6	Cdif-glyA-1	Cdif-sodA-1	Cdif-atpA-3	Cdif-adk-1
Cdif-ST-240	Cdif-recA-2	Cdif-dxr-7	Cdif-tpi-1	Cdif-glyA-8	Cdif-sodA-5	Cdif-atpA-1	Cdif-adk-1
Cdif-ST-241	Cdif-recA-6	Cdif-dxr-10	Cdif-tpi-15	Cdif-glyA-14	Cdif-sodA-20	Cdif-atpA-7	Cdif-adk-11
Cdif-ST-242	Cdif-recA-1	Cdif-dxr-2	Cdif-tpi-1	Cdif-glyA-1	Cdif-sodA-18	Cdif-atpA-1	Cdif-adk-1
Cdif-ST-243	Cdif-recA-6	Cdif-dxr-14	Cdif-tpi-10	Cdif-glyA-14	Cdif-sodA-20	Cdif-atpA-7	Cdif-adk-11
Cdif-ST-244	Cdif-recA-1	Cdif-dxr-2	Cdif-tpi-1	Cdif-glyA-15	Cdif-sodA-1	Cdif-atpA-1	Cdif-adk-1
Cdif-ST-245	Cdif-recA-22	Cdif-dxr-6	Cdif-tpi-1	Cdif-glyA-1	Cdif-sodA-1	Cdif-atpA-5	Cdif-adk-1
Cdif-ST-246	Cdif-recA-1	Cdif-dxr-2	Cdif-tpi-1	Cdif-glyA-6	Cdif-sodA-3	Cdif-atpA-5	Cdif-adk-1
Cdif-ST-247	Cdif-recA-1	Cdif-dxr-2	Cdif-tpi-6	Cdif-glyA-1	Cdif-sodA-3	Cdif-atpA-5	Cdif-adk-2
Cdif-ST-248	Cdif-recA-1	Cdif-dxr-2	Cdif-tpi-12	Cdif-glyA-1	Cdif-sodA-5	Cdif-atpA-1	Cdif-adk-1
Cdif-ST-249	Cdif-recA-5	Cdif-dxr-2	Cdif-tpi-16	Cdif-glyA-1	Cdif-sodA-5	Cdif-atpA-1	Cdif-adk-1
Cdif-ST-250	Cdif-recA-3	Cdif-dxr-2	Cdif-tpi-1	Cdif-glyA-5	Cdif-sodA-1	Cdif-atpA-1	Cdif-adk-1
Cdif-ST-251	Cdif-recA-1	Cdif-dxr-6	Cdif-tpi-1	Cdif-glyA-3	Cdif-sodA-5	Cdif-atpA-1	Cdif-adk-2
Cdif-ST-252	Cdif-recA-1	Cdif-dxr-9	Cdif-tpi-2	Cdif-glyA-37	Cdif-sodA-1	Cdif-atpA-5	Cdif-adk-1
Cdif-ST-253	Cdif-recA-1	Cdif-dxr-18	Cdif-tpi-2	Cdif-glyA-9	Cdif-sodA-3	Cdif-atpA-1	Cdif-adk-1
Cdif-ST-254	Cdif-recA-6	Cdif-dxr-14	Cdif-tpi-15	Cdif-glyA-14	Cdif-sodA-20	Cdif-atpA-7	Cdif-adk-11
Cdif-ST-255	Cdif-recA-8	Cdif-dxr-6	Cdif-tpi-1	Cdif-glyA-3	Cdif-sodA-1	Cdif-atpA-1	Cdif-adk-2
Cdif-ST-256	Cdif-recA-5	Cdif-dxr-6	Cdif-tpi-1	Cdif-glyA-1	Cdif-sodA-5	Cdif-atpA-1	Cdif-adk-1
Cdif-ST-257	Cdif-recA-1	Cdif-dxr-6	Cdif-tpi-1	Cdif-glyA-1	Cdif-sodA-35	Cdif-atpA-3	Cdif-adk-1
Cdif-ST-258	Cdif-recA-9	Cdif-dxr-5	Cdif-tpi-36	Cdif-glyA-11	Cdif-sodA-11	Cdif-atpA-24	Cdif-adk-5
Cdif-ST-259	Cdif-recA-6	Cdif-dxr-10	Cdif-tpi-15	Cdif-glyA-42	Cdif-sodA-20	Cdif-atpA-25	Cdif-adk-11
Cdif-ST-260	Cdif-recA-6	Cdif-dxr-14	Cdif-tpi-15	Cdif-glyA-43	Cdif-sodA-39	Cdif-atpA-7	Cdif-adk-17
Cdif-ST-261	Cdif-recA-7	Cdif-dxr-3	Cdif-tpi-37	Cdif-glyA-8	Cdif-sodA-20	Cdif-atpA-7	Cdif-adk-3
Cdif-ST-262	Cdif-recA-6	Cdif-dxr-10	Cdif-tpi-10	Cdif-glyA-44	Cdif-sodA-20	Cdif-atpA-7	Cdif-adk-11
Cdif-ST-263	Cdif-recA-1	Cdif-dxr-2	Cdif-tpi-3	Cdif-glyA-6	Cdif-sodA-40	Cdif-atpA-1	Cdif-adk-1
Cdif-ST-264	Cdif-recA-1	Cdif-dxr-9	Cdif-tpi-2	Cdif-glyA-9	Cdif-sodA-41	Cdif-atpA-1	Cdif-adk-1
Cdif-ST-265	Cdif-recA-5	Cdif-dxr-2	Cdif-tpi-1	Cdif-glyA-1	Cdif-sodA-42	Cdif-atpA-1	Cdif-adk-1
Cdif-ST-266	Cdif-recA-6	Cdif-dxr-10	Cdif-tpi-15	Cdif-glyA-8	Cdif-sodA-18	Cdif-atpA-26	Cdif-adk-3
Cdif-ST-267	Cdif-recA-1	Cdif-dxr-2	Cdif-tpi-35	Cdif-glyA-1	Cdif-sodA-43	Cdif-atpA-1	Cdif-adk-1
Cdif-ST-268	Cdif-recA-1	Cdif-dxr-6	Cdif-tpi-1	Cdif-glyA-1	Cdif-sodA-44	Cdif-atpA-1	Cdif-adk-1
Cdif-ST-269	Cdif-recA-1	Cdif-dxr-11	Cdif-tpi-5	Cdif-glyA-9	Cdif-sodA-3	Cdif-atpA-1	Cdif-adk-18
Cdif-ST-270	Cdif-recA-1	Cdif-dxr-7	Cdif-tpi-34	Cdif-glyA-1	Cdif-sodA-13	Cdif-atpA-5	Cdif-adk-1
Cdif-ST-271	Cdif-recA-1	Cdif-dxr-2	Cdif-tpi-1	Cdif-glyA-45	Cdif-sodA-1	Cdif-atpA-1	Cdif-adk-1
Cdif-ST-272	Cdif-recA-24	Cdif-dxr-6	Cdif-tpi-1	Cdif-glyA-1	Cdif-sodA-5	Cdif-atpA-1	Cdif-adk-1
Cdif-ST-273	Cdif-recA-6	Cdif-dxr-14	Cdif-tpi-9	Cdif-glyA-46	Cdif-sodA-20	Cdif-atpA-7	Cdif-adk-11
Cdif-ST-274	Cdif-recA-1	Cdif-dxr-2	Cdif-tpi-15	Cdif-glyA-1	Cdif-sodA-1	Cdif-atpA-1	Cdif-adk-1
Cdif-ST-275	Cdif-recA-1	Cdif-dxr-5	Cdif-tpi-8	Cdif-glyA-47	Cdif-sodA-11	Cdif-atpA-8	Cdif-adk-5
Cdif-ST-276	Cdif-recA-1	Cdif-dxr-9	Cdif-tpi-38	Cdif-glyA-23	Cdif-sodA-3	Cdif-atpA-1	Cdif-adk-1
Cdif-ST-277	Cdif-recA-1	Cdif-dxr-9	Cdif-tpi-39	Cdif-glyA-23	Cdif-sodA-1	Cdif-atpA-1	Cdif-adk-1
Cdif-ST-278	Cdif-recA-1	Cdif-dxr-6	Cdif-tpi-12	Cdif-glyA-6	Cdif-sodA-12	Cdif-atpA-1	Cdif-adk-2
Cdif-ST-279	Cdif-recA-18	Cdif-dxr-22	Cdif-tpi-32	Cdif-glyA-33	Cdif-sodA-32	Cdif-atpA-18	Cdif-adk-13
Cdif-ST-280	Cdif-recA-15	Cdif-dxr-5	Cdif-tpi-8	Cdif-glyA-27	Cdif-sodA-28	Cdif-atpA-8	Cdif-adk-5
Cdif-ST-281	Cdif-recA-1	Cdif-dxr-2	Cdif-tpi-2	Cdif-glyA-1	Cdif-sodA-22	Cdif-atpA-1	Cdif-adk-1
Cdif-ST-282	Cdif-recA-5	Cdif-dxr-16	Cdif-tpi-1	Cdif-glyA-1	Cdif-sodA-5	Cdif-atpA-1	Cdif-adk-1
Cdif-ST-283	Cdif-recA-6	Cdif-dxr-14	Cdif-tpi-15	Cdif-glyA-42	Cdif-sodA-20	Cdif-atpA-25	Cdif-adk-11
Cdif-ST-284	Cdif-recA-3	Cdif-dxr-2	Cdif-tpi-10	Cdif-glyA-1	Cdif-sodA-5	Cdif-atpA-1	Cdif-adk-1
Cdif-ST-285	Cdif-recA-25	Cdif-dxr-4	Cdif-tpi-7	Cdif-glyA-7	Cdif-sodA-8	Cdif-atpA-6	Cdif-adk-1
Cdif-ST-286	Cdif-recA-1	Cdif-dxr-2	Cdif-tpi-3	Cdif-glyA-3	Cdif-sodA-5	Cdif-atpA-1	Cdif-adk-1
Cdif-ST-287	Cdif-recA-1	Cdif-dxr-2	Cdif-tpi-11	Cdif-glyA-1	Cdif-sodA-1	Cdif-atpA-1	Cdif-adk-2
Cdif-ST-288	Cdif-recA-1	Cdif-dxr-2	Cdif-tpi-6	Cdif-glyA-3	Cdif-sodA-5	Cdif-atpA-1	Cdif-adk-1
Cdif-ST-289	Cdif-recA-5	Cdif-dxr-7	Cdif-tpi-1	Cdif-glyA-1	Cdif-sodA-3	Cdif-atpA-1	Cdif-adk-1
Cdif-ST-290	Cdif-recA-26	Cdif-dxr-22	Cdif-tpi-40	Cdif-glyA-33	Cdif-sodA-38	Cdif-atpA-17	Cdif-adk-13
Cdif-ST-291	Cdif-recA-1	Cdif-dxr-6	Cdif-tpi-6	Cdif-glyA-1	Cdif-sodA-5	Cdif-atpA-1	Cdif-adk-1
Cdif-ST-292	Cdif-recA-1	Cdif-dxr-6	Cdif-tpi-6	Cdif-glyA-1	Cdif-sodA-1	Cdif-atpA-27	Cdif-adk-1
Cdif-ST-293	Cdif-recA-27	Cdif-dxr-2	Cdif-tpi-1	Cdif-glyA-1	Cdif-sodA-1	Cdif-atpA-1	Cdif-adk-1
Cdif-ST-294	Cdif-recA-1	Cdif-dxr-6	Cdif-tpi-6	Cdif-glyA-46	Cdif-sodA-1	Cdif-atpA-3	Cdif-adk-1
Cdif-ST-295	Cdif-recA-5	Cdif-dxr-2	Cdif-tpi-1	Cdif-glyA-1	Cdif-sodA-3	Cdif-atpA-28	Cdif-adk-1
Cdif-ST-296	Cdif-recA-8	Cdif-dxr-6	Cdif-tpi-1	Cdif-glyA-1	Cdif-sodA-1	Cdif-atpA-1	Cdif-adk-1
Cdif-ST-297	Cdif-recA-18	Cdif-dxr-22	Cdif-tpi-26	Cdif-glyA-33	Cdif-sodA-31	Cdif-atpA-17	Cdif-adk-13
Cdif-ST-298	Cdif-recA-6	Cdif-dxr-10	Cdif-tpi-10	Cdif-glyA-14	Cdif-sodA-20	Cdif-atpA-7	Cdif-adk-11
Cdif-ST-299	Cdif-recA-4	Cdif-dxr-6	Cdif-tpi-4	Cdif-glyA-1	Cdif-sodA-3	Cdif-atpA-5	Cdif-adk-1
Cdif-ST-300	Cdif-recA-6	Cdif-dxr-14	Cdif-tpi-15	Cdif-glyA-43	Cdif-sodA-45	Cdif-atpA-7	Cdif-adk-19
Cdif-ST-301	Cdif-recA-1	Cdif-dxr-6	Cdif-tpi-41	Cdif-glyA-9	Cdif-sodA-33	Cdif-atpA-1	Cdif-adk-1
Cdif-ST-302	Cdif-recA-1	Cdif-dxr-16	Cdif-tpi-1	Cdif-glyA-1	Cdif-sodA-1	Cdif-atpA-1	Cdif-adk-1
Cdif-ST-303	Cdif-recA-18	Cdif-dxr-22	Cdif-tpi-32	Cdif-glyA-33	Cdif-sodA-31	Cdif-atpA-18	Cdif-adk-13
Cdif-ST-304	Cdif-recA-5	Cdif-dxr-30	Cdif-tpi-1	Cdif-glyA-1	Cdif-sodA-3	Cdif-atpA-1	Cdif-adk-1
Cdif-ST-305	Cdif-recA-1	Cdif-dxr-2	Cdif-tpi-1	Cdif-glyA-6	Cdif-sodA-5	Cdif-atpA-1	Cdif-adk-20
Cdif-ST-306	Cdif-recA-1	Cdif-dxr-2	Cdif-tpi-43	Cdif-glyA-1	Cdif-sodA-3	Cdif-atpA-5	Cdif-adk-2
Cdif-ST-307	Cdif-recA-1	Cdif-dxr-32	Cdif-tpi-1	Cdif-glyA-1	Cdif-sodA-1	Cdif-atpA-1	Cdif-adk-21
Cdif-ST-308	Cdif-recA-1	Cdif-dxr-33	Cdif-tpi-44	Cdif-glyA-1	Cdif-sodA-5	Cdif-atpA-1	Cdif-adk-1
Cdif-ST-309	Cdif-recA-1	Cdif-dxr-2	Cdif-tpi-1	Cdif-glyA-49	Cdif-sodA-5	Cdif-atpA-1	Cdif-adk-1
Cdif-ST-310	Cdif-recA-6	Cdif-dxr-14	Cdif-tpi-10	Cdif-glyA-14	Cdif-sodA-20	Cdif-atpA-32	Cdif-adk-11
Cdif-ST-311	Cdif-recA-21	Cdif-dxr-31	Cdif-tpi-42	Cdif-glyA-48	Cdif-sodA-46	Cdif-atpA-33	Cdif-adk-15
Cdif-ST-312	Cdif-recA-1	Cdif-dxr-13	Cdif-tpi-45	Cdif-glyA-1	Cdif-sodA-1	Cdif-atpA-1	Cdif-adk-1
Cdif-ST-313	Cdif-recA-28	Cdif-dxr-2	Cdif-tpi-44	Cdif-glyA-3	Cdif-sodA-5	Cdif-atpA-1	Cdif-adk-1
Cdif-ST-314	Cdif-recA-26	Cdif-dxr-22	Cdif-tpi-26	Cdif-glyA-40	Cdif-sodA-31	Cdif-atpA-31	Cdif-adk-13
Cdif-ST-315	Cdif-recA-15	Cdif-dxr-5	Cdif-tpi-8	Cdif-glyA-27	Cdif-sodA-29	Cdif-atpA-8	Cdif-adk-5
Cdif-ST-316	Cdif-recA-15	Cdif-dxr-5	Cdif-tpi-23	Cdif-glyA-27	Cdif-sodA-29	Cdif-atpA-8	Cdif-adk-5
Cdif-ST-317	Cdif-recA-9	Cdif-dxr-5	Cdif-tpi-8	Cdif-glyA-11	Cdif-sodA-11	Cdif-atpA-8	Cdif-adk-22
Cdif-ST-318	Cdif-recA-4	Cdif-dxr-6	Cdif-tpi-6	Cdif-glyA-1	Cdif-sodA-3	Cdif-atpA-1	Cdif-adk-1
Cdif-ST-319	Cdif-recA-1	Cdif-dxr-2	Cdif-tpi-1	Cdif-glyA-5	Cdif-sodA-5	Cdif-atpA-11	Cdif-adk-1
Cdif-ST-320	Cdif-recA-6	Cdif-dxr-10	Cdif-tpi-15	Cdif-glyA-43	Cdif-sodA-20	Cdif-atpA-7	Cdif-adk-11
Cdif-ST-321	Cdif-recA-8	Cdif-dxr-2	Cdif-tpi-6	Cdif-glyA-15	Cdif-sodA-5	Cdif-atpA-1	Cdif-adk-1
Cdif-ST-322	Cdif-recA-1	Cdif-dxr-2	Cdif-tpi-3	Cdif-glyA-6	Cdif-sodA-12	Cdif-atpA-1	Cdif-adk-1
Cdif-ST-323	Cdif-recA-1	Cdif-dxr-2	Cdif-tpi-1	Cdif-glyA-1	Cdif-sodA-5	Cdif-atpA-5	Cdif-adk-1
Cdif-ST-324	Cdif-recA-1	Cdif-dxr-2	Cdif-tpi-1	Cdif-glyA-6	Cdif-sodA-5	Cdif-atpA-7	Cdif-adk-1
Cdif-ST-325	Cdif-recA-1	Cdif-dxr-2	Cdif-tpi-1	Cdif-glyA-3	Cdif-sodA-3	Cdif-atpA-1	Cdif-adk-2
Cdif-ST-326	Cdif-recA-1	Cdif-dxr-2	Cdif-tpi-4	Cdif-glyA-1	Cdif-sodA-5	Cdif-atpA-2	Cdif-adk-1
Cdif-ST-327	Cdif-recA-6	Cdif-dxr-14	Cdif-tpi-47	Cdif-glyA-14	Cdif-sodA-20	Cdif-atpA-7	Cdif-adk-1
Cdif-ST-328	Cdif-recA-28	Cdif-dxr-2	Cdif-tpi-44	Cdif-glyA-4	Cdif-sodA-5	Cdif-atpA-1	Cdif-adk-1
Cdif-ST-329	Cdif-recA-4	Cdif-dxr-34	Cdif-tpi-1	Cdif-glyA-1	Cdif-sodA-26	Cdif-atpA-1	Cdif-adk-4
Cdif-ST-330	Cdif-recA-4	Cdif-dxr-10	Cdif-tpi-4	Cdif-glyA-1	Cdif-sodA-3	Cdif-atpA-1	Cdif-adk-1
Cdif-ST-331	Cdif-recA-29	Cdif-dxr-35	Cdif-tpi-48	Cdif-glyA-50	Cdif-sodA-37	Cdif-atpA-34	Cdif-adk-23
Cdif-ST-332	Cdif-recA-6	Cdif-dxr-14	Cdif-tpi-15	Cdif-glyA-8	Cdif-sodA-16	Cdif-atpA-7	Cdif-adk-3
Cdif-ST-333	Cdif-recA-1	Cdif-dxr-36	Cdif-tpi-1	Cdif-glyA-6	Cdif-sodA-5	Cdif-atpA-1	Cdif-adk-1
Cdif-ST-334	Cdif-recA-5	Cdif-dxr-2	Cdif-tpi-1	Cdif-glyA-51	Cdif-sodA-5	Cdif-atpA-1	Cdif-adk-1
Cdif-ST-335	Cdif-recA-18	Cdif-dxr-22	Cdif-tpi-51	Cdif-glyA-33	Cdif-sodA-31	Cdif-atpA-17	Cdif-adk-13
Cdif-ST-336	Cdif-recA-31	Cdif-dxr-37	Cdif-tpi-50	Cdif-glyA-54	Cdif-sodA-49	Cdif-atpA-36	Cdif-adk-24
Cdif-ST-337	Cdif-recA-21	Cdif-dxr-38	Cdif-tpi-53	Cdif-glyA-53	Cdif-sodA-36	Cdif-atpA-21	Cdif-adk-25
Cdif-ST-338	Cdif-recA-21	Cdif-dxr-38	Cdif-tpi-53	Cdif-glyA-53	Cdif-sodA-48	Cdif-atpA-21	Cdif-adk-25
Cdif-ST-339	Cdif-recA-31	Cdif-dxr-37	Cdif-tpi-52	Cdif-glyA-54	Cdif-sodA-49	Cdif-atpA-35	Cdif-adk-26
Cdif-ST-340	Cdif-recA-31	Cdif-dxr-37	Cdif-tpi-49	Cdif-glyA-54	Cdif-sodA-49	Cdif-atpA-35	Cdif-adk-26
Cdif-ST-341	Cdif-recA-31	Cdif-dxr-39	Cdif-tpi-52	Cdif-glyA-52	Cdif-sodA-49	Cdif-atpA-35	Cdif-adk-26
Cdif-ST-342	Cdif-recA-31	Cdif-dxr-39	Cdif-tpi-50	Cdif-glyA-54	Cdif-sodA-47	Cdif-atpA-35	Cdif-adk-26
Cdif-ST-343	Cdif-recA-31	Cdif-dxr-37	Cdif-tpi-52	Cdif-glyA-54	Cdif-sodA-49	Cdif-atpA-36	Cdif-adk-26
Cdif-ST-344	Cdif-recA-31	Cdif-dxr-39	Cdif-tpi-52	Cdif-glyA-52	Cdif-sodA-49	Cdif-atpA-36	Cdif-adk-26
Cdif-ST-345	Cdif-recA-31	Cdif-dxr-39	Cdif-tpi-54	Cdif-glyA-55	Cdif-sodA-49	Cdif-atpA-37	Cdif-adk-27
Cdif-ST-346	Cdif-recA-31	Cdif-dxr-40	Cdif-tpi-55	Cdif-glyA-56	Cdif-sodA-49	Cdif-atpA-38	Cdif-adk-27
Cdif-ST-347	Cdif-recA-30	Cdif-dxr-41	Cdif-tpi-56	Cdif-glyA-57	Cdif-sodA-50	Cdif-atpA-39	Cdif-adk-28
Cdif-ST-348	Cdif-recA-6	Cdif-dxr-7	Cdif-tpi-1	Cdif-glyA-1	Cdif-sodA-5	Cdif-atpA-1	Cdif-adk-1
Cdif-ST-349	Cdif-recA-1	Cdif-dxr-6	Cdif-tpi-6	Cdif-glyA-1	Cdif-sodA-3	Cdif-atpA-1	Cdif-adk-1
Cdif-ST-350	Cdif-recA-32	Cdif-dxr-3	Cdif-tpi-11	Cdif-glyA-8	Cdif-sodA-9	Cdif-atpA-1	Cdif-adk-3
Cdif-ST-351	Cdif-recA-1	Cdif-dxr-11	Cdif-tpi-1	Cdif-glyA-23	Cdif-sodA-51	Cdif-atpA-5	Cdif-adk-1
Cdif-ST-352	Cdif-recA-1	Cdif-dxr-24	Cdif-tpi-1	Cdif-glyA-4	Cdif-sodA-1	Cdif-atpA-1	Cdif-adk-1
Cdif-ST-353	Cdif-recA-1	Cdif-dxr-1	Cdif-tpi-1	Cdif-glyA-10	Cdif-sodA-3	Cdif-atpA-1	Cdif-adk-1
Cdif-ST-354	Cdif-recA-1	Cdif-dxr-2	Cdif-tpi-3	Cdif-glyA-1	Cdif-sodA-1	Cdif-atpA-1	Cdif-adk-1
Cdif-ST-355	Cdif-recA-5	Cdif-dxr-2	Cdif-tpi-1	Cdif-glyA-1	Cdif-sodA-7	Cdif-atpA-1	Cdif-adk-1
Cdif-ST-356	Cdif-recA-1	Cdif-dxr-7	Cdif-tpi-1	Cdif-glyA-1	Cdif-sodA-13	Cdif-atpA-5	Cdif-adk-5
Cdif-ST-357	Cdif-recA-1	Cdif-dxr-7	Cdif-tpi-1	Cdif-glyA-1	Cdif-sodA-3	Cdif-atpA-5	Cdif-adk-2
Cdif-ST-358	Cdif-recA-1	Cdif-dxr-6	Cdif-tpi-1	Cdif-glyA-16	Cdif-sodA-1	Cdif-atpA-1	Cdif-adk-1
Cdif-ST-359	Cdif-recA-33	Cdif-dxr-42	Cdif-tpi-57	Cdif-glyA-58	Cdif-sodA-52	Cdif-atpA-40	Cdif-adk-29
Cdif-ST-360	Cdif-recA-18	Cdif-dxr-22	Cdif-tpi-26	Cdif-glyA-33	Cdif-sodA-31	Cdif-atpA-18	Cdif-adk-13
Cdif-ST-361	Cdif-recA-34	Cdif-dxr-43	Cdif-tpi-58	Cdif-glyA-59	Cdif-sodA-53	Cdif-atpA-41	Cdif-adk-30
Cdif-ST-362	Cdif-recA-1	Cdif-dxr-9	Cdif-tpi-2	Cdif-glyA-6	Cdif-sodA-3	Cdif-atpA-1	Cdif-adk-1
Cdif-ST-363	Cdif-recA-1	Cdif-dxr-6	Cdif-tpi-1	Cdif-glyA-4	Cdif-sodA-1	Cdif-atpA-11	Cdif-adk-1
Cdif-ST-364	Cdif-recA-1	Cdif-dxr-1	Cdif-tpi-1	Cdif-glyA-5	Cdif-sodA-1	Cdif-atpA-1	Cdif-adk-1
Cdif-ST-365	Cdif-recA-14	Cdif-dxr-9	Cdif-tpi-2	Cdif-glyA-23	Cdif-sodA-3	Cdif-atpA-1	Cdif-adk-1
Cdif-ST-366	Cdif-recA-1	Cdif-dxr-44	Cdif-tpi-5	Cdif-glyA-9	Cdif-sodA-27	Cdif-atpA-1	Cdif-adk-1
Cdif-ST-367	Cdif-recA-1	Cdif-dxr-8	Cdif-tpi-6	Cdif-glyA-1	Cdif-sodA-54	Cdif-atpA-5	Cdif-adk-2
Cdif-ST-368	Cdif-recA-21	Cdif-dxr-45	Cdif-tpi-30	Cdif-glyA-38	Cdif-sodA-36	Cdif-atpA-21	Cdif-adk-15
Cdif-ST-369	Cdif-recA-31	Cdif-dxr-40	Cdif-tpi-49	Cdif-glyA-55	Cdif-sodA-49	Cdif-atpA-38	Cdif-adk-27
Cdif-ST-370	Cdif-recA-5	Cdif-dxr-2	Cdif-tpi-1	Cdif-glyA-1	Cdif-sodA-3	Cdif-atpA-5	Cdif-adk-1
Cdif-ST-371	Cdif-recA-1	Cdif-dxr-1	Cdif-tpi-5	Cdif-glyA-10	Cdif-sodA-3	Cdif-atpA-5	Cdif-adk-1
Cdif-ST-372	Cdif-recA-1	Cdif-dxr-11	Cdif-tpi-2	Cdif-glyA-17	Cdif-sodA-22	Cdif-atpA-5	Cdif-adk-1
Cdif-ST-373	Cdif-recA-1	Cdif-dxr-46	Cdif-tpi-1	Cdif-glyA-17	Cdif-sodA-3	Cdif-atpA-5	Cdif-adk-1
Cdif-ST-374	Cdif-recA-1	Cdif-dxr-7	Cdif-tpi-1	Cdif-glyA-1	Cdif-sodA-13	Cdif-atpA-42	Cdif-adk-1
Cdif-ST-375	Cdif-recA-6	Cdif-dxr-3	Cdif-tpi-11	Cdif-glyA-7	Cdif-sodA-9	Cdif-atpA-7	Cdif-adk-3
Cdif-ST-376	Cdif-recA-4	Cdif-dxr-6	Cdif-tpi-4	Cdif-glyA-5	Cdif-sodA-3	Cdif-atpA-1	Cdif-adk-1
Cdif-ST-377	Cdif-recA-3	Cdif-dxr-4	Cdif-tpi-10	Cdif-glyA-1	Cdif-sodA-1	Cdif-atpA-1	Cdif-adk-1
Cdif-ST-378	Cdif-recA-1	Cdif-dxr-24	Cdif-tpi-1	Cdif-glyA-4	Cdif-sodA-17	Cdif-atpA-1	Cdif-adk-1
Cdif-ST-379	Cdif-recA-6	Cdif-dxr-24	Cdif-tpi-4	Cdif-glyA-5	Cdif-sodA-6	Cdif-atpA-2	Cdif-adk-1
Cdif-ST-380	Cdif-recA-1	Cdif-dxr-2	Cdif-tpi-2	Cdif-glyA-4	Cdif-sodA-5	Cdif-atpA-1	Cdif-adk-10
Cdif-ST-381	Cdif-recA-2	Cdif-dxr-2	Cdif-tpi-1	Cdif-glyA-15	Cdif-sodA-1	Cdif-atpA-1	Cdif-adk-1
Cdif-ST-382	Cdif-recA-6	Cdif-dxr-3	Cdif-tpi-11	Cdif-glyA-1	Cdif-sodA-9	Cdif-atpA-1	Cdif-adk-3
Cdif-ST-383	Cdif-recA-1	Cdif-dxr-6	Cdif-tpi-12	Cdif-glyA-1	Cdif-sodA-12	Cdif-atpA-11	Cdif-adk-1
Cdif-ST-384	Cdif-recA-1	Cdif-dxr-3	Cdif-tpi-6	Cdif-glyA-1	Cdif-sodA-3	Cdif-atpA-5	Cdif-adk-2
Cdif-ST-385	Cdif-recA-1	Cdif-dxr-3	Cdif-tpi-1	Cdif-glyA-1	Cdif-sodA-1	Cdif-atpA-1	Cdif-adk-1
Cdif-ST-386	Cdif-recA-15	Cdif-dxr-5	Cdif-tpi-59	Cdif-glyA-28	Cdif-sodA-28	Cdif-atpA-8	Cdif-adk-5
Cdif-ST-387	Cdif-recA-15	Cdif-dxr-5	Cdif-tpi-8	Cdif-glyA-26	Cdif-sodA-29	Cdif-atpA-8	Cdif-adk-31
Cdif-ST-388	Cdif-recA-9	Cdif-dxr-5	Cdif-tpi-3	Cdif-glyA-1	Cdif-sodA-55	Cdif-atpA-8	Cdif-adk-5
Cdif-ST-389	Cdif-recA-2	Cdif-dxr-4	Cdif-tpi-7	Cdif-glyA-60	Cdif-sodA-8	Cdif-atpA-7	Cdif-adk-1
Cdif-ST-390	Cdif-recA-2	Cdif-dxr-4	Cdif-tpi-7	Cdif-glyA-1	Cdif-sodA-30	Cdif-atpA-6	Cdif-adk-1
Cdif-ST-391	Cdif-recA-15	Cdif-dxr-5	Cdif-tpi-23	Cdif-glyA-24	Cdif-sodA-29	Cdif-atpA-8	Cdif-adk-5
Cdif-ST-392	Cdif-recA-15	Cdif-dxr-5	Cdif-tpi-8	Cdif-glyA-11	Cdif-sodA-29	Cdif-atpA-8	Cdif-adk-5
Cdif-ST-393	Cdif-recA-9	Cdif-dxr-5	Cdif-tpi-3	Cdif-glyA-1	Cdif-sodA-11	Cdif-atpA-8	Cdif-adk-5
Cdif-ST-394	Cdif-recA-1	Cdif-dxr-9	Cdif-tpi-5	Cdif-glyA-23	Cdif-sodA-1	Cdif-atpA-5	Cdif-adk-1
Cdif-ST-395	Cdif-recA-1	Cdif-dxr-9	Cdif-tpi-2	Cdif-glyA-9	Cdif-sodA-5	Cdif-atpA-1	Cdif-adk-1
Cdif-ST-396	Cdif-recA-1	Cdif-dxr-11	Cdif-tpi-1	Cdif-glyA-23	Cdif-sodA-51	Cdif-atpA-1	Cdif-adk-1
